index,count
void,0.10575346692860556
flat,0.3871821704013742
construction,0.21690084004573684
object,0.018067817962426933
nature,0.15216390047141973
sky,0.03459223465953799
human,0.012164655726590602
vehicle,0.07317491380430811
